{
    "$schema": "https://schema.management.azure.com/schemas/2015-01-01/deploymentParameters.json#",
    "contentVersion": "1.0.0.0",
    "parameters": {
        "subscriptionId": {
            "value": "ba4f8743-aeed-45f6-a7e5-2ca0a2b186b0"
        },
        "name": {
            "value": "AtlasICE"
        },
        "location": {
            "value": "Central US"
        },
        "hostingPlanName": {
            "value": "ASP-Atlas-81ba"
        },
        "serverFarmResourceGroup": {
            "value": "Atlas"
        },
        "alwaysOn": {
            "value": false
        },
        "storageAccountName": {
            "value": "storageaccountatlasbf01"
        },
        "use32BitWorkerProcess": {
            "value": true
        },
        "sku": {
            "value": "Dynamic"
        },
        "skuCode": {
            "value": "Y1"
        },
        "workerSize": {
            "value": "0"
        },
        "workerSizeId": {
            "value": "0"
        },
        "numberOfWorkers": {
            "value": "1"
        }
    }
}