{
    "$schema": "https://schema.management.azure.com/schemas/2015-01-01/deploymentParameters.json#",
    "contentVersion": "1.0.0.0",
    "parameters": {
        "subscriptionId": {
            "value": "ba4f8743-aeed-45f6-a7e5-2ca0a2b186b0"
        },
        "name": {
            "value": "onedrivestringatl"
        },
        "location": {
            "value": "Central US"
        },
        "hostingPlanName": {
            "value": "ASP-Atlas-822b"
        },
        "serverFarmResourceGroup": {
            "value": "Atlas"
        },
        "databaseName": {
            "value": "postgres"
        },
        "sku": {
            "value": "PremiumV2"
        },
        "skuCode": {
            "value": "P1v2"
        },
        "workerSize": {
            "value": ""
        },
        "workerSizeId": {
            "value": ""
        },
        "numberOfWorkers": {
            "value": "1"
        },
        "linuxFxVersion": {
            "value": "NODE|14-lts"
        },
        "accountName": {
            "value": "onedrivestringatl-server"
        },
        "databaseKind": {
            "value": "MongoDB"
        },
        "defaultExperience": {
            "value": "Azure Cosmos DB for MongoDB API"
        },
        "isZoneRedundant": {
            "value": "false"
        },
        "databaseAccountType": {
            "value": "Standard"
        },
        "backupPolicyType": {
            "value": "Periodic"
        },
        "backupIntervalInMinutes": {
            "value": 240
        },
        "backupRetentionIntervalInHours": {
            "value": 8
        },
        "backupStorageRedundancy": {
            "value": "Local"
        },
        "isVirtualNetworkFilterEnabled": {
            "value": "false"
        },
        "enableFreeTier": {
            "value": "false"
        },
        "capabilities": {
            "value": [
                {
                    "name": "EnableMongo"
                },
                {
                    "name": "DisableRateLimitingResponses"
                },
                {
                    "name": "EnableServerless"
                }
            ]
        }
    }
}