{
    "$schema": "http://schema.management.azure.com/schemas/2015-01-01/deploymentTemplate.json#",
    "contentVersion": "1.0.0.0",
    "parameters": {
        "subscriptionId": {
            "type": "string"
        },
        "name": {
            "type": "string"
        },
        "location": {
            "type": "string"
        },
        "hostingPlanName": {
            "type": "string"
        },
        "serverFarmResourceGroup": {
            "type": "string"
        },
        "databaseName": {
            "type": "string"
        },
        "sku": {
            "type": "string"
        },
        "skuCode": {
            "type": "string"
        },
        "workerSize": {
            "type": "string"
        },
        "workerSizeId": {
            "type": "string"
        },
        "numberOfWorkers": {
            "type": "string"
        },
        "linuxFxVersion": {
            "type": "string"
        },
        "accountName": {
            "type": "string"
        },
        "databaseKind": {
            "type": "string"
        },
        "defaultExperience": {
            "type": "string"
        },
        "isZoneRedundant": {
            "type": "string"
        },
        "databaseAccountType": {
            "type": "string"
        },
        "backupPolicyType": {
            "type": "string"
        },
        "backupIntervalInMinutes": {
            "type": "int"
        },
        "backupRetentionIntervalInHours": {
            "type": "int"
        },
        "backupStorageRedundancy": {
            "type": "string"
        },
        "isVirtualNetworkFilterEnabled": {
            "type": "string"
        },
        "enableFreeTier": {
            "type": "string"
        },
        "capabilities": {
            "type": "array"
        }
    },
    "resources": [
        {
            "apiVersion": "[variables('api')]",
            "location": "[parameters('location')]",
            "name": "[parameters('accountName')]",
            "type": "Microsoft.DocumentDB/databaseAccounts",
            "kind": "MongoDB",
            "tags": {
                "hidden-cosmos-mmspecial": "",
                "defaultExperience": "[parameters('defaultExperience')]"
            },
            "properties": {
                "databaseAccountOfferType": "[parameters('databaseAccountType')]",
                "locations": [
                    {
                        "failoverPriority": 0,
                        "locationName": "[parameters('location')]"
                    }
                ],
                "backupPolicy": {
                    "type": "[parameters('backupPolicyType')]",
                    "periodicModeProperties": {
                        "backupIntervalInMinutes": "[parameters('backupIntervalInMinutes')]",
                        "backupRetentionIntervalInHours": "[parameters('backupRetentionIntervalInHours')]",
                        "backupStorageRedundancy": "[parameters('backupStorageRedundancy')]"
                    }
                },
                "isVirtualNetworkFilterEnabled": "[parameters('isVirtualNetworkFilterEnabled')]",
                "virtualNetworkRules": [],
                "ipRules": [],
                "dependsOn": [],
                "capabilities": "[parameters('capabilities')]",
                "apiProperties": {
                    "serverVersion": "[variables('version')]"
                },
                "enableFreeTier": "[parameters('enableFreeTier')]"
            },
            "resources": [
                {
                    "dependsOn": [
                        "[concat('Microsoft.DocumentDB/databaseAccounts', '/', parameters('accountName'))]"
                    ],
                    "name": "[parameters('databaseName')]",
                    "type": "mongodbDatabases",
                    "apiVersion": "[variables('api')]",
                    "properties": {
                        "resource": {
                            "id": "[parameters('databaseName')]"
                        }
                    }
                }
            ]
        },
        {
            "apiVersion": "2018-11-01",
            "name": "[parameters('hostingPlanName')]",
            "type": "Microsoft.Web/serverfarms",
            "location": "[parameters('location')]",
            "kind": "linux",
            "tags": null,
            "properties": {
                "name": "[parameters('hostingPlanName')]",
                "workerSize": "[parameters('workerSize')]",
                "workerSizeId": "[parameters('workerSizeId')]",
                "numberOfWorkers": "[parameters('numberOfWorkers')]",
                "reserved": true
            },
            "sku": {
                "Tier": "[parameters('sku')]",
                "Name": "[parameters('skuCode')]"
            }
        },
        {
            "apiVersion": "2018-11-01",
            "name": "[parameters('name')]",
            "type": "Microsoft.Web/sites",
            "location": "[parameters('location')]",
            "tags": null,
            "dependsOn": [
                "[concat('Microsoft.Web/serverfarms/', parameters('hostingPlanName'))]",
                "[concat('Microsoft.DocumentDb/databaseAccounts/', parameters('accountName'))]"
            ],
            "properties": {
                "name": "[parameters('name')]",
                "siteConfig": {
                    "linuxFxVersion": "[parameters('linuxFxVersion')]",
                    "connectionStrings": [
                        {
                            "name": "MONGODB_URI",
                            "ConnectionString": "[concat('mongodb://', parameters('accountName'), ':', listKeys(resourceId('Microsoft.DocumentDB/databaseAccounts', parameters('accountName')), '2020-04-01').primaryMasterKey, '@', parameters('accountName'), '.mongo.cosmos.azure.com:10255/?ssl=true&replicaSet=globaldb&retrywrites=false&maxIdleTimeMS=120000&appName=@', parameters('accountName'))]",
                            "type": "Custom"
                        }
                    ],
                    "appSettings": []
                },
                "serverFarmId": "[concat('/subscriptions/', parameters('subscriptionId'),'/resourcegroups/', parameters('serverFarmResourceGroup'), '/providers/Microsoft.Web/serverfarms/', parameters('hostingPlanName'))]",
                "clientAffinityEnabled": false
            }
        }
    ],
    "variables": {
        "api": "2021-04-15",
        "version": "4.0"
    }
}