{
    "$schema": "http://schema.management.azure.com/schemas/2015-01-01/deploymentTemplate.json#",
    "contentVersion": "1.0.0.0",
    "parameters": {
        "name": {
            "type": "String"
        },
        "location": {
            "type": "String"
        },
        "locationName": {
            "type": "String"
        },
        "defaultExperience": {
            "type": "String"
        },
        "isZoneRedundant": {
            "type": "String"
        }
    },
    "variables": {},
    "resources": [
        {
            "type": "Microsoft.DocumentDb/databaseAccounts",
            "apiVersion": "2021-07-01-preview",
            "name": "[parameters('name')]",
            "location": "[parameters('location')]",
            "tags": {
                "defaultExperience": "[parameters('defaultExperience')]",
                "hidden-cosmos-mmspecial": ""
            },
            "kind": "MongoDB",
            "properties": {
                "databaseAccountOfferType": "Standard",
                "locations": [
                    {
                        "id": "[concat(parameters('name'), '-', parameters('location'))]",
                        "failoverPriority": 0,
                        "locationName": "[parameters('locationName')]"
                    }
                ],
                "backupPolicy": {
                    "type": "Periodic",
                    "periodicModeProperties": {
                        "backupIntervalInMinutes": 240,
                        "backupRetentionIntervalInHours": 8,
                        "backupStorageRedundancy": "Geo"
                    }
                },
                "isVirtualNetworkFilterEnabled": false,
                "virtualNetworkRules": [],
                "ipRules": [],
                "dependsOn": [],
                "capabilities": [
                    {
                        "name": "EnableMongo"
                    },
                    {
                        "name": "DisableRateLimitingResponses"
                    },
                    {
                        "name": "EnableServerless"
                    }
                ],
                "apiProperties": {
                    "serverVersion": "4.0"
                },
                "enableFreeTier": false
            }
        }
    ],
    "outputs": {}
}