{
    "$schema": "https://schema.management.azure.com/schemas/2015-01-01/deploymentParameters.json#",
    "contentVersion": "1.0.0.0",
    "parameters": {
        "administratorLogin": {
            "value": "carlosaguila"
        },
        "administratorLoginPassword": {
            "value": null
        },
        "location": {
            "value": "eastus"
        },
        "serverName": {
            "value": "string3581321"
        },
        "enableADS": {
            "value": false
        },
        "useVAManagedIdentity": {
            "value": false
        },
        "allowAzureIps": {
            "value": true
        },
        "enableVA": {
            "value": false
        },
        "serverTags": {
            "value": {}
        }
    }
}