{
    "$schema": "https://schema.management.azure.com/schemas/2019-04-01/deploymentTemplate.json#",
    "contentVersion": "1.0.0.0",
    "parameters": {
        "dashboards_6f1fb91b_812f_44f7_9f65_4859394e69af_name": {
            "defaultValue": "6f1fb91b-812f-44f7-9f65-4859394e69af",
            "type": "String"
        }
    },
    "variables": {},
    "resources": [
        {
            "type": "Microsoft.Portal/dashboards",
            "apiVersion": "2020-09-01-preview",
            "name": "[parameters('dashboards_6f1fb91b_812f_44f7_9f65_4859394e69af_name')]",
            "location": "centralus",
            "tags": {
                "Environment": "Shared",
                "ProductOwner": "devOps",
                "Product": "Shared",
                "SharedEnvironment": "TRUE",
                "Availability": "24x7",
                "ComponentType": "dashBoards"
            },
            "properties": {
                "lenses": [
                    {
                        "order": 0,
                        "parts": [
                            {
                                "position": {
                                    "x": 0,
                                    "y": 0,
                                    "rowSpan": 4,
                                    "colSpan": 4
                                },
                                "metadata": {
                                    "inputs": [
                                        {},
                                        {}
                                    ],
                                    "type": "Extension[azure]/WebsitesExtension/PartType/RequestsAndErrorsAdaptedPart",
                                    "settings": {
                                        "content": {}
                                    }
                                }
                            },
                            {
                                "position": {
                                    "x": 4,
                                    "y": 0,
                                    "rowSpan": 4,
                                    "colSpan": 4
                                },
                                "metadata": {
                                    "inputs": [
                                        {},
                                        {}
                                    ],
                                    "type": "Extension[azure]/WebsitesExtension/PartType/CpuPercentageAdaptedPart",
                                    "settings": {}
                                }
                            },
                            {
                                "position": {
                                    "x": 0,
                                    "y": 5,
                                    "rowSpan": 2,
                                    "colSpan": 2
                                },
                                "metadata": {
                                    "inputs": [
                                        {},
                                        {}
                                    ],
                                    "type": "Extension[azure]/WebsitesExtension/PartType/CpuPercentageAdaptedPart",
                                    "settings": {}
                                }
                            },
                            {
                                "position": {
                                    "x": 5,
                                    "y": 6,
                                    "rowSpan": 1,
                                    "colSpan": 2
                                },
                                "metadata": {
                                    "inputs": [
                                        {}
                                    ],
                                    "type": "Extension/Microsoft_Azure_DocumentDB/PartType/GlobalDbAccountPart"
                                }
                            }
                        ]
                    }
                ],
                "metadata": {
                    "model": {}
                }
            }
        }
    ]
}