{
    "$schema": "http://schema.management.azure.com/schemas/2015-01-01/deploymentTemplate.json#",
    "contentVersion": "1.0.0.0",
    "parameters": {
        "location": {
            "type": "String"
        },
        "storageAccountName": {
            "type": "String"
        },
        "accountType": {
            "type": "String"
        },
        "kind": {
            "type": "String"
        },
        "accessTier": {
            "type": "String"
        },
        "minimumTlsVersion": {
            "type": "String"
        },
        "supportsHttpsTrafficOnly": {
            "type": "Bool"
        },
        "allowBlobPublicAccess": {
            "type": "Bool"
        },
        "allowSharedKeyAccess": {
            "type": "Bool"
        },
        "allowCrossTenantReplication": {
            "type": "Bool"
        },
        "defaultOAuth": {
            "type": "Bool"
        },
        "networkAclsBypass": {
            "type": "String"
        },
        "networkAclsDefaultAction": {
            "type": "String"
        },
        "isHnsEnabled": {
            "type": "Bool"
        },
        "isContainerSoftDeleteEnabled": {
            "type": "Bool"
        },
        "containerSoftDeleteRetentionDays": {
            "type": "Int"
        },
        "isShareSoftDeleteEnabled": {
            "type": "Bool"
        },
        "shareSoftDeleteRetentionDays": {
            "type": "Int"
        }
    },
    "variables": {},
    "resources": [
        {
            "type": "Microsoft.Storage/storageAccounts",
            "apiVersion": "2021-06-01",
            "name": "[parameters('storageAccountName')]",
            "location": "[parameters('location')]",
            "dependsOn": [],
            "tags": {},
            "sku": {
                "name": "[parameters('accountType')]"
            },
            "kind": "[parameters('kind')]",
            "properties": {
                "accessTier": "[parameters('accessTier')]",
                "minimumTlsVersion": "[parameters('minimumTlsVersion')]",
                "supportsHttpsTrafficOnly": "[parameters('supportsHttpsTrafficOnly')]",
                "allowBlobPublicAccess": "[parameters('allowBlobPublicAccess')]",
                "allowSharedKeyAccess": "[parameters('allowSharedKeyAccess')]",
                "allowCrossTenantReplication": "[parameters('allowCrossTenantReplication')]",
                "defaultToOAuthAuthentication": "[parameters('defaultOAuth')]",
                "networkAcls": {
                    "bypass": "[parameters('networkAclsBypass')]",
                    "defaultAction": "[parameters('networkAclsDefaultAction')]",
                    "ipRules": []
                },
                "isHnsEnabled": "[parameters('isHnsEnabled')]"
            }
        },
        {
            "type": "Microsoft.Storage/storageAccounts/blobServices",
            "apiVersion": "2021-06-01",
            "name": "[concat(parameters('storageAccountName'), '/default')]",
            "dependsOn": [
                "[concat('Microsoft.Storage/storageAccounts/', parameters('storageAccountName'))]"
            ],
            "properties": {
                "containerDeleteRetentionPolicy": {
                    "enabled": "[parameters('isContainerSoftDeleteEnabled')]",
                    "days": "[parameters('containerSoftDeleteRetentionDays')]"
                }
            }
        },
        {
            "type": "Microsoft.Storage/storageAccounts/fileservices",
            "apiVersion": "2021-06-01",
            "name": "[concat(parameters('storageAccountName'), '/default')]",
            "dependsOn": [
                "[concat('Microsoft.Storage/storageAccounts/', parameters('storageAccountName'))]",
                "[concat(concat('Microsoft.Storage/storageAccounts/', parameters('storageAccountName')), '/blobServices/default')]"
            ],
            "properties": {
                "shareDeleteRetentionPolicy": {
                    "enabled": "[parameters('isShareSoftDeleteEnabled')]",
                    "days": "[parameters('shareSoftDeleteRetentionDays')]"
                }
            }
        }
    ],
    "outputs": {}
}